<?xml version="1.0" encoding="ISO-8859-1" ?>
<rss version="2.0">

<channel>
  <title>Home Page for pgn-extract</title>
  <link>https://www.cs.kent.ac.uk/~djb/pgn-extract/</link>
  <description>A Portable Game Notation (PGN) manipulator</description>

  <item>
    <title>Version 20-06</title>
    <link>https://www.cs.kent.ac.uk/~djb/pgn-extract/pgn-extract-20-06.tgz</link>
    <description>C source code for version 20-06. win32 binary available from
    the home page.
    This version is mainly an end-of-year release to catch up on a few additions
    since version 20-03.
    Date matches extended to match on month and day as well as year and a few more
    command-line options: --fixtagstrings attempts to fix common bad string formats
    in tag strings; and --wtm/--btm add the requirement for white-to-move/black-to-move
    in matches.
    </description>
    <guid isPermaLink="false">pgn-extract-20-06-announce</guid>
    <pubDate>18 Dec 2020 21:00:00 GMT</pubDate>
  </item>

  <item>
    <title>Version 20-03</title>
    <link>https://www.cs.kent.ac.uk/~djb/pgn-extract/pgn-extract-20-03.tgz</link>
    <description>C source code for version 20-03. win32 binary available from
    the home page.
    This version contains a few bug fixes and adds --startply, --fenpattern and --material
    command-line options.
    There is also limited relational matching for the TimeControl tag.
    </description>
    <guid isPermaLink="false">pgn-extract-20-03-announce</guid>
    <pubDate>25 July 2020 21:00:00 GMT</pubDate>
  </item>

  <item>
    <title>Version 19-04</title>
    <link>https://www.cs.kent.ac.uk/~djb/pgn-extract/pgn-extract-19-04.tgz</link>
    <description>C source code for version 19-04. win32 binary available from
    the home page. This version fixes a memory error with some positional match
    combinations and false positives with --repetition.
    It also adds --xroster to suppress additional tags with -R and adds a short
    man page courtesy of Vincent Legout.
    </description>
    <guid isPermaLink="false">pgn-extract-19-04-announce</guid>
    <pubDate>23 April 2019 21:00:00 GMT</pubDate>
  </item>

  <item>
    <title>Using pgn-extract to mine chess data</title>
    <link>https://blogs.kent.ac.uk/djb/2018/10/14/data-mining-with-pgn-extract/</link>
    <description>A blog post about using pgn-extract to investigate the
    effect of material balances, with a particular focus on the case
    of the bishop pair.
    </description>
    <guid isPermaLink="false">pgn-extract-data-mining</guid>
    <pubDate>16 October 2018 07:45:00 GMT</pubDate>
  </item>

</channel>

</rss>
